william_rodriguez,https://www.amazon.com/
ruby_foster,https://www.wikipedia.org/
ruby_foster,https://nodejs.org/
aubrey_roberts,https://www.worldbank.org/
thomas_chavez,https://www.youtube.com/
zoey_nguyen,https://www.cnn.com/
owen_hill,https://www.nytimes.com/
connor_bell,https://www.lyft.com/
ezra_patel,https://www.nasa.gov/
james_hernandez,https://www.github.com/
caroline_mendoza,https://kubernetes.io/
abigail_martin,https://www.google.com/
madelyn_sanders,https://www.youtube.com/
paisley_brooks,https://www.youtube.com/
anna_bennett,https://www.medium.com/
caroline_mendoza,https://www.adobe.com/
evelyn_moore,https://www.docker.com/
caroline_mendoza,https://www.amazon.com/
luke_campbell,https://www.adobe.com/
natalie_turner,https://www.netflix.com/
wyatt_green,https://www.netflix.com/
grace_ramirez,https://www.twitter.com/
brooklyn_reyes,https://www.samsung.com/
ellie_mitchell,https://www.wikipedia.org/
sebastian_clark,https://www.shopify.com/
ellie_mitchell,https://www.digitalocean.com/
victoria_young,https://www.lg.com/
chloe_robinson,https://www.khanacademy.org/
savannah_edwards,https://www.uber.com/
paisley_brooks,https://www.google.com/
theodore_reed,https://www.mozilla.org/firefox/
grayson_evans,https://www.medium.com/
luna_parker,https://www.adobe.com/
paisley_brooks,https://www.nih.gov/
paisley_brooks,https://www.youtube.com/
grace_ramirez,https://www.amazon.com/
levi_diaz,https://www.digitalocean.com/
lily_scott,https://www.lg.com/
riley_king,https://www.un.org/
willow_myers,https://www.amazon.com/
anthony_cook,https://www.wikipedia.org/
sophia_davis,https://www.reddit.com/
victoria_young,https://www.twitter.com/
evelyn_moore,https://www.google.com/
anthony_cook,https://www.digitalocean.com/
aiden_lewis,https://www.google.com/
andrew_peterson,https://www.ebay.com/
daniel_lee,https://www.youtube.com/
victoria_young,https://www.lg.com/
jayden_carter,https://www.state.gov/
joshua_gutierrez,https://www.netflix.com/
jose_wright,https://www.youtube.com/
bella_kelly,https://www.wix.com/
liam_smith,https://www.tripadvisor.com/
lucy_richardson,https://www.nih.gov/
aurora_bailey,https://www.salesforce.com/
kennedy_hughes,https://zoom.us/
leah_morris,https://www.wix.com/
riley_king,https://www.twitter.com/
victoria_young,https://www.amazon.com/
savannah_edwards,https://www.google.com/
hudson_castillo,https://www.wikipedia.org/
violet_cooper,https://www.cisco.com/
zoey_nguyen,https://www.youtube.com/
jayden_carter,https://www.google.com/
ella_white,https://www.ford.com/
hannah_adams,https://www.anthropic.com/
everly_wood,https://www.python.org/
charles_ruiz,https://www.github.com/
mateo_morales,https://www.lyft.com/
brooklyn_reyes,https://www.airbnb.com/
josiah_price,https://www.youtube.com/
isabella_martinez,https://www.facebook.com/
noah_williams,https://www.walmart.com/
william_rodriguez,https://www.twitter.com/
olivia_johnson,https://www.spotify.com/
serenity_ross,https://www.whitehouse.gov/
ezra_patel,https://www.wix.com/
nora_flores,https://www.target.com/
victoria_young,https://www.google.com/
samuel_walker,https://www.weforum.org/
harper_thomas,https://www.github.com/
everly_wood,https://www.amazon.com/
carter_torres,https://discord.com/
ryan_kim,https://discord.com/
william_rodriguez,https://nodejs.org/
connor_bell,https://www.wikipedia.org/
daniel_lee,https://aws.amazon.com/
adrian_long,https://www.tripadvisor.com/
hazel_ortiz,https://www.wikipedia.org/
aurora_bailey,https://www.youtube.com/
aiden_lewis,https://www.whitehouse.gov/
lily_scott,https://www.google.com/
luke_campbell,https://discord.com/
william_rodriguez,https://www.youtube.com/
harper_thomas,https://www.pinterest.com/
violet_cooper,https://www.google.com/
violet_cooper,https://www.wix.com/
grayson_evans,https://slack.com/
hudson_castillo,https://www.mozilla.org/
chloe_robinson,https://zoom.us/
charles_ruiz,https://www.tripadvisor.com/
elijah_miller,https://www.airbnb.com/
lucas_anderson,https://bitbucket.org/
luna_parker,https://www.wikipedia.org/
leo_james,https://www.microsoft.com/
everly_wood,https://www.google.com/
hannah_adams,https://www.anthropic.com/
hazel_ortiz,https://www.github.com/
sophia_davis,https://www.youtube.com/
grace_ramirez,https://www.nasa.gov/
andrew_peterson,https://www.docker.com/
violet_cooper,https://www.github.com/
sophia_davis,https://www.apple.com/
christopher_morgan,https://telegram.org/
jose_wright,https://www.wikipedia.org/
ezra_patel,https://www.google.com/
jack_harris,https://www.youtube.com/
caroline_mendoza,https://www.toyota.com/
andrew_peterson,https://www.amazon.com/
adrian_long,https://www.java.com/
theodore_reed,https://www.state.gov/
aiden_lewis,https://www.youtube.com/
kennedy_hughes,https://cloud.google.com/
caleb_howard,https://www.amazon.com/
bella_kelly,https://signal.org/
adrian_long,https://www.lg.com/
emily_perez,https://spring.io/
christopher_morgan,https://www.youtube.com/
mateo_morales,https://www.microsoft.com/
lily_scott,https://www.java.com/
jack_harris,https://git-scm.com/
serenity_ross,https://www.bestbuy.com/
ella_white,https://www.linkedin.com/
violet_cooper,https://stripe.com/
maya_alvarez,https://www.worldbank.org/
chloe_robinson,https://www.google.com/
gabriel_collins,https://www.facebook.com/
daniel_lee,https://zoom.us/
aria_rivera,https://www.etsy.com/
amelia_wilson,https://gitlab.com/
caroline_mendoza,https://cloud.google.com/
aurora_bailey,https://www.google.com/
ellie_mitchell,https://www.youtube.com/
jack_harris,https://www.quora.com/
aria_rivera,https://www.youtube.com/
julian_stewart,https://www.imf.org/
sebastian_clark,https://www.youtube.com/
riley_king,https://www.instagram.com/
serenity_ross,https://www.wix.com/
carter_torres,https://www.docker.com/
jack_harris,https://www.lenovo.com/
adrian_long,https://www.nih.gov/
david_allen,https://react.dev/
kennedy_hughes,https://signal.org/
david_allen,https://www.pinterest.com/
riley_king,https://www.wikipedia.org/
serenity_ross,https://www.un.org/
nathan_watson,https://www.youtube.com/
amelia_wilson,https://www.heroku.com/
william_rodriguez,https://www.stackoverflow.com/
hudson_castillo,https://www.booking.com/
isaiah_gray,https://www.nasa.gov/
adrian_long,https://www.facebook.com/
ezra_patel,https://www.quora.com/
lucas_anderson,https://www.wikipedia.org/
abigail_martin,https://www.docker.com/
noah_williams,https://www.wikipedia.org/
stella_rogers,https://www.nasa.gov/
wyatt_green,https://www.amazon.com/
joshua_gutierrez,https://www.lenovo.com/
connor_bell,https://www.tripadvisor.com/
joshua_gutierrez,https://www.samsung.com/
savannah_edwards,https://www.uber.com/
emma_brown,https://www.mozilla.org/firefox/
amelia_wilson,https://zoom.us/
claire_ramos,https://www.lg.com/
luke_campbell,https://www.amazon.com/
nora_flores,https://www.medium.com/
isabella_martinez,https://www.toyota.com/
victoria_young,https://www.youtube.com/
hazel_ortiz,https://www.booking.com/
matthew_thompson,https://www.samsung.com/
anna_bennett,https://www.cnn.com/
jackson_hall,https://www.digitalocean.com/
aurora_bailey,https://www.booking.com/
julian_stewart,https://www.github.com/
sebastian_clark,https://kubernetes.io/
paisley_brooks,https://www.youtube.com/
christopher_morgan,https://www.twitter.com/
jayden_carter,https://www.wix.com/
charles_ruiz,https://www.quora.com/
emily_perez,https://www.mozilla.org/
nora_flores,https://aws.amazon.com/
mia_lopez,https://www.google.com/
theodore_reed,https://www.bbc.com/
willow_myers,https://www.pinterest.com/
sebastian_clark,https://www.nytimes.com/
stella_rogers,https://www.nasa.gov/
maya_alvarez,https://www.instagram.com/
lily_scott,https://www.lyft.com/
lucy_richardson,https://www.mozilla.org/
ryan_kim,https://www.netflix.com/
lily_scott,https://www.lenovo.com/
emma_brown,https://www.google.com/
harper_thomas,https://www.whitehouse.gov/
matthew_thompson,https://www.tripadvisor.com/
josiah_price,https://stripe.com/
addison_phillips,https://www.target.com/
ellie_mitchell,https://react.dev/
victoria_young,https://www.adobe.com/
skylar_cox,https://spring.io/
josiah_price,https://git-scm.com/
aiden_lewis,https://zoom.us/
victoria_young,https://www.worldbank.org/
abigail_martin,https://www.nvidia.com/
sophia_davis,https://www.linkedin.com/
charles_ruiz,https://www.khanacademy.org/
paisley_brooks,https://www.lyft.com/
layla_baker,https://www.heroku.com/
ruby_foster,https://www.tripadvisor.com/
claire_ramos,https://azure.microsoft.com/
aurora_bailey,https://www.whitehouse.gov/
serenity_ross,https://www.wikipedia.org/
savannah_edwards,https://www.bestbuy.com/
aurora_bailey,https://www.microsoft.com/
riley_king,https://www.lenovo.com/
riley_king,https://www.github.com/
james_hernandez,https://www.netflix.com/
julian_stewart,https://www.bestbuy.com/
riley_king,https://www.intel.com/
luna_parker,https://www.heroku.com/
luna_parker,https://www.sony.com/
charles_ruiz,https://azure.microsoft.com/
leo_james,https://www.mozilla.org/firefox/
anna_bennett,https://www.mozilla.org/
james_hernandez,https://www.youtube.com/
ruby_foster,https://aws.amazon.com/
victoria_young,https://www.target.com/
caroline_mendoza,https://www.wikipedia.org/
nora_flores,https://www.wikipedia.org/
matthew_thompson,https://www.wikipedia.org/
carter_torres,https://www.nytimes.com/
isaac_cruz,https://www.booking.com/
daniel_lee,https://www.wikipedia.org/
henry_taylor,https://telegram.org/
caleb_howard,https://aws.amazon.com/
levi_diaz,https://www.tripadvisor.com/
jose_wright,https://stripe.com/
willow_myers,https://www.python.org/
aurora_bailey,https://www.bestbuy.com/
willow_myers,https://www.salesforce.com/
grace_ramirez,https://www.google.com/
lily_scott,https://www.ibm.com/
violet_cooper,https://www.wikipedia.org/
jackson_hall,https://www.python.org/
james_hernandez,https://www.honda.com/
anthony_cook,https://www.oracle.com/
mateo_morales,https://www.oracle.com/
thomas_chavez,https://www.facebook.com/
theodore_reed,https://react.dev/
sebastian_clark,https://kubernetes.io/
willow_myers,https://www.apple.com/
david_allen,https://www.ford.com/
ava_garcia,https://www.google.com/
mia_lopez,https://www.walmart.com/
layla_baker,https://www.google.com/
ava_garcia,https://telegram.org/
luna_parker,https://gitlab.com/
anna_bennett,https://www.youtube.com/
owen_hill,https://www.state.gov/
isaiah_gray,https://www.google.com/
james_hernandez,https://www.linkedin.com/
lucas_anderson,https://gitlab.com/
skylar_cox,https://gitlab.com/
theodore_reed,https://www.github.com/
lucas_anderson,https://www.wikipedia.org/
jack_harris,https://www.worldbank.org/
asher_ward,https://www.bbc.com/
levi_diaz,https://www.google.com/
aubrey_roberts,https://www.shopify.com/
benjamin_gonzalez,https://discord.com/
henry_taylor,https://www.github.com/
nora_flores,https://www.state.gov/
aiden_lewis,https://www.figma.com/
henry_taylor,https://react.dev/
willow_myers,https://www.uber.com/
luke_campbell,https://www.heroku.com/
levi_diaz,https://www.ebay.com/
ruby_foster,https://www.lyft.com/
benjamin_gonzalez,https://www.un.org/
abigail_martin,https://www.sony.com/
daniel_lee,https://www.salesforce.com/
kennedy_hughes,https://www.youtube.com/
theodore_reed,https://www.facebook.com/
maya_alvarez,https://www.microsoft.com/
hudson_castillo,https://www.medium.com/
lucy_richardson,https://www.un.org/
lucas_anderson,https://www.wikipedia.org/
isaac_cruz,https://www.nytimes.com/
addison_phillips,https://www.worldbank.org/
james_hernandez,https://www.nasa.gov/
brooklyn_reyes,https://www.openai.com/
josiah_price,https://www.sony.com/
charles_ruiz,https://www.youtube.com/
david_allen,https://www.oracle.com/
kennedy_hughes,https://www.google.com/
andrew_peterson,https://www.weforum.org/
daniel_lee,https://www.weforum.org/
everly_wood,https://www.nytimes.com/
emma_brown,https://www.google.com/
ryan_kim,https://www.lenovo.com/
caleb_howard,https://www.reddit.com/
maya_alvarez,https://www.paypal.com/
thomas_chavez,https://www.mozilla.org/firefox/
asher_ward,https://www.un.org/
gabriel_collins,https://www.google.com/
ava_garcia,https://nodejs.org/
zoey_nguyen,https://www.wikipedia.org/
aurora_bailey,https://www.nvidia.com/
lily_scott,https://www.lenovo.com/
amelia_wilson,https://www.docker.com/
james_hernandez,https://www.weforum.org/
christopher_morgan,https://bitbucket.org/
jack_harris,https://discord.com/
gabriel_collins,https://www.facebook.com/
victoria_young,https://www.github.com/
mia_lopez,https://www.nih.gov/
gabriel_collins,https://www.airbnb.com/
gabriel_collins,https://www.etsy.com/
luna_parker,https://www.stackoverflow.com/
anna_bennett,https://www.booking.com/
ellie_mitchell,https://www.ebay.com/
leo_james,https://www.docker.com/
lily_scott,https://telegram.org/
ava_garcia,https://www.adobe.com/
anna_bennett,https://slack.com/
hazel_ortiz,https://www.ebay.com/
lucy_richardson,https://www.netflix.com/
natalie_turner,https://www.heroku.com/
ava_garcia,https://www.adobe.com/
nathan_watson,https://www.wikipedia.org/
elijah_miller,https://www.openai.com/
julian_stewart,https://www.khanacademy.org/
aiden_lewis,https://zoom.us/
james_hernandez,https://www.github.com/
willow_myers,https://www.etsy.com/
william_rodriguez,https://www.dropbox.com/
ryan_kim,https://gitlab.com/
emma_brown,https://www.dropbox.com/
john_nelson,https://www.medium.com/
emma_brown,https://www.mozilla.org/firefox/
zoey_nguyen,https://www.khanacademy.org/
liam_smith,https://www.google.com/
luke_campbell,https://www.stackoverflow.com/
aria_rivera,https://www.adobe.com/
ruby_foster,https://www.samsung.com/
sophia_davis,https://www.un.org/
mia_lopez,https://www.oracle.com/
ezra_patel,https://www.google.com/
isabella_martinez,https://www.nvidia.com/
leo_james,https://www.dropbox.com/
riley_king,https://www.uber.com/
connor_bell,https://www.worldbank.org/
charles_ruiz,https://www.bestbuy.com/
claire_ramos,https://www.state.gov/
daniel_lee,https://www.uber.com/
willow_myers,https://www.amazon.com/
maya_alvarez,https://kubernetes.io/
brooklyn_reyes,https://react.dev/
brooklyn_reyes,https://www.mozilla.org/
mia_lopez,https://www.google.com/
theodore_reed,https://www.netflix.com/
mateo_morales,https://www.canva.com/
riley_king,https://www.docker.com/
olivia_johnson,https://telegram.org/
mateo_morales,https://www.bestbuy.com/
grayson_evans,https://www.salesforce.com/
serenity_ross,https://www.github.com/
addison_phillips,https://www.amazon.com/
connor_bell,https://www.shopify.com/
aiden_lewis,https://www.amazon.com/
isabella_martinez,https://www.worldbank.org/
amelia_wilson,https://www.wikipedia.org/
chloe_robinson,https://www.pinterest.com/
wyatt_green,https://stripe.com/
ezra_patel,https://www.stackoverflow.com/
wyatt_green,https://www.youtube.com/
levi_diaz,https://www.mozilla.org/firefox/
julian_stewart,https://www.nasa.gov/
lily_scott,https://www.youtube.com/
hannah_adams,https://www.youtube.com/
grace_ramirez,https://www.apple.com/
leah_morris,https://www.quora.com/
owen_hill,https://www.bbc.com/
liam_smith,https://www.wikipedia.org/
ryan_kim,https://www.amazon.com/
anna_bennett,https://www.facebook.com/
emma_brown,https://aws.amazon.com/
skylar_cox,https://www.nytimes.com/
lily_scott,https://www.dropbox.com/
madelyn_sanders,https://www.github.com/
lucas_anderson,https://www.nvidia.com/
oliver_jones,https://zoom.us/
hudson_castillo,https://www.wikipedia.org/
carter_torres,https://www.nasa.gov/
julian_stewart,https://react.dev/
amelia_wilson,https://www.docker.com/
lily_scott,https://www.lyft.com/
grace_ramirez,https://www.quora.com/
caleb_howard,https://www.netflix.com/
thomas_chavez,https://www.digitalocean.com/
natalie_turner,https://www.google.com/
elijah_miller,https://telegram.org/
bella_kelly,https://www.youtube.com/
matthew_thompson,https://slack.com/
owen_hill,https://www.wikipedia.org/
isaac_cruz,https://www.nvidia.com/
levi_diaz,https://www.nvidia.com/
benjamin_gonzalez,https://www.google.com/
ava_garcia,https://www.digitalocean.com/
noah_williams,https://www.python.org/
grace_ramirez,https://www.google.com/
kennedy_hughes,https://www.airbnb.com/
willow_myers,https://spring.io/
connor_bell,https://cloud.google.com/
anna_bennett,https://www.stackoverflow.com/
jayden_carter,https://www.youtube.com/
paisley_brooks,https://www.wikipedia.org/
evelyn_moore,https://www.amazon.com/
paisley_brooks,https://www.sony.com/
luna_parker,https://www.stackoverflow.com/
scarlett_sanchez,https://nodejs.org/
brooklyn_reyes,https://www.amazon.com/
jayden_carter,https://www.google.com/
aubrey_roberts,https://stripe.com/
leo_james,https://www.nasa.gov/
hannah_adams,https://www.wikipedia.org/
oliver_jones,https://gitlab.com/
john_nelson,https://www.etsy.com/
thomas_chavez,https://www.wikipedia.org/
sophia_davis,https://www.github.com/
matthew_thompson,https://www.bbc.com/
amelia_wilson,https://cloud.google.com/
matthew_thompson,https://bitbucket.org/
james_hernandez,https://www.mozilla.org/firefox/
owen_hill,https://www.medium.com/
ava_garcia,https://www.ibm.com/
samuel_walker,https://www.paypal.com/
amelia_wilson,https://aws.amazon.com/
ruby_foster,https://www.whitehouse.gov/
josiah_price,https://www.spotify.com/
evelyn_moore,https://www.airbnb.com/
nora_flores,https://zoom.us/
harper_thomas,https://www.google.com/
paisley_brooks,https://www.oracle.com/
abigail_martin,https://www.toyota.com/
noah_williams,https://www.shopify.com/
christopher_morgan,https://www.github.com/
kennedy_hughes,https://www.lenovo.com/
wyatt_green,https://www.pinterest.com/
emma_brown,https://nodejs.org/
abigail_martin,https://www.amazon.com/
liam_smith,https://www.weforum.org/
asher_ward,https://www.samsung.com/
theodore_reed,https://www.lg.com/
hudson_castillo,https://www.wikipedia.org/
zoe_murphy,https://www.dell.com/
william_rodriguez,https://www.linkedin.com/
sebastian_clark,https://www.instagram.com/
grace_ramirez,https://react.dev/
isabella_martinez,https://www.facebook.com/
john_nelson,https://www.shopify.com/
olivia_johnson,https://signal.org/
jayden_carter,https://www.hp.com/
isaiah_gray,https://www.mozilla.org/
savannah_edwards,https://www.state.gov/
hazel_ortiz,https://discord.com/
amelia_wilson,https://signal.org/
riley_king,https://gitlab.com/
victoria_young,https://cloud.google.com/
emily_perez,https://www.github.com/
anna_bennett,https://react.dev/
elijah_miller,https://www.oracle.com/
madelyn_sanders,https://www.microsoft.com/
claire_ramos,https://www.mozilla.org/firefox/
jose_wright,https://www.docker.com/
william_rodriguez,https://www.github.com/
john_nelson,https://stripe.com/
scarlett_sanchez,https://zoom.us/
samuel_walker,https://www.bestbuy.com/
aiden_lewis,https://www.google.com/
luna_parker,https://www.nytimes.com/
olivia_johnson,https://www.heroku.com/
lucas_anderson,https://www.ford.com/
levi_diaz,https://www.amazon.com/
wyatt_green,https://www.reddit.com/
serenity_ross,https://discord.com/
john_nelson,https://www.dropbox.com/
andrew_peterson,https://www.uber.com/
sebastian_clark,https://www.adobe.com/
connor_bell,https://www.ibm.com/
liam_smith,https://www.wix.com/
levi_diaz,https://www.state.gov/
leo_james,https://www.target.com/
oliver_jones,https://www.youtube.com/
jack_harris,https://www.apple.com/
brooklyn_reyes,https://www.lg.com/
andrew_peterson,https://www.etsy.com/
samuel_walker,https://www.instagram.com/
ezra_patel,https://www.apple.com/
jackson_hall,https://www.ebay.com/
caleb_howard,https://gitlab.com/
scarlett_sanchez,https://www.stackoverflow.com/
luke_campbell,https://www.youtube.com/
carter_torres,https://www.tesla.com/
julian_stewart,https://zoom.us/
nathan_watson,https://cloud.google.com/
riley_king,https://www.google.com/
nathan_watson,https://www.toyota.com/
hannah_adams,https://www.nytimes.com/
oliver_jones,https://www.google.com/
jack_harris,https://www.pinterest.com/
ellie_mitchell,https://www.github.com/
paisley_brooks,https://www.oracle.com/
bella_kelly,https://aws.amazon.com/
noah_williams,https://nodejs.org/
addison_phillips,https://www.toyota.com/
chloe_robinson,https://www.youtube.com/
daniel_lee,https://www.wikipedia.org/
thomas_chavez,https://www.bestbuy.com/
aurora_bailey,https://www.amazon.com/
anna_bennett,https://www.hp.com/
addison_phillips,https://www.linkedin.com/
hannah_adams,https://www.lg.com/
nathan_watson,https://www.amazon.com/
connor_bell,https://react.dev/
maya_alvarez,https://www.github.com/
connor_bell,https://www.github.com/
samuel_walker,https://www.github.com/
abigail_martin,https://nodejs.org/
samuel_walker,https://www.github.com/
alexander_jackson,https://www.amazon.com/
emma_brown,https://www.hp.com/
zoey_nguyen,https://discord.com/
jackson_hall,https://www.google.com/
isaac_cruz,https://www.tesla.com/
mateo_morales,https://www.github.com/
owen_hill,https://discord.com/
isabella_martinez,https://www.weforum.org/
dylan_gomez,https://www.amazon.com/
natalie_turner,https://www.shopify.com/
mia_lopez,https://www.lg.com/
skylar_cox,https://spring.io/
zoey_nguyen,https://www.youtube.com/
aubrey_roberts,https://www.wix.com/
daniel_lee,https://www.intel.com/
kennedy_hughes,https://www.worldbank.org/
john_nelson,https://www.ibm.com/
anna_bennett,https://www.github.com/
emma_brown,https://bitbucket.org/
harper_thomas,https://www.digitalocean.com/
henry_taylor,https://www.github.com/
alexander_jackson,https://www.worldbank.org/
claire_ramos,https://www.google.com/
victoria_young,https://www.netflix.com/
elijah_miller,https://www.ford.com/
madelyn_sanders,https://www.samsung.com/
jayden_carter,https://www.youtube.com/
jose_wright,https://www.lg.com/
nora_flores,https://aws.amazon.com/
jayden_carter,https://zoom.us/
scarlett_sanchez,https://www.who.int/
andrew_peterson,https://www.nvidia.com/
oliver_jones,https://www.khanacademy.org/
nora_flores,https://www.adobe.com/
levi_diaz,https://www.amazon.com/
isaiah_gray,https://www.who.int/
layla_baker,https://www.lenovo.com/
natalie_turner,https://www.shopify.com/
hudson_castillo,https://www.pinterest.com/
addison_phillips,https://www.cnn.com/
skylar_cox,https://www.whitehouse.gov/
kennedy_hughes,https://www.google.com/
amelia_wilson,https://www.google.com/
evelyn_moore,https://www.amazon.com/
theodore_reed,https://www.amazon.com/
chloe_robinson,https://discord.com/
mateo_morales,https://www.figma.com/
david_allen,https://git-scm.com/
lucy_richardson,https://www.youtube.com/
andrew_peterson,https://www.github.com/
asher_ward,https://www.spotify.com/
everly_wood,https://www.tripadvisor.com/
scarlett_sanchez,https://www.google.com/
caroline_mendoza,https://www.stackoverflow.com/
leah_morris,https://www.tesla.com/
ruby_foster,https://www.youtube.com/
josiah_price,https://www.nvidia.com/
christopher_morgan,https://www.wix.com/
wyatt_green,https://www.booking.com/
elijah_miller,https://www.reddit.com/
ezra_patel,https://www.intel.com/
christopher_morgan,https://www.quora.com/
thomas_chavez,https://www.amazon.com/
samuel_walker,https://www.nih.gov/
savannah_edwards,https://www.khanacademy.org/
ezra_patel,https://www.un.org/
anna_bennett,https://www.adobe.com/
ryan_kim,https://www.whitehouse.gov/
carter_torres,https://www.paypal.com/
zoe_murphy,https://www.worldbank.org/
aria_rivera,https://www.adobe.com/
levi_diaz,https://www.github.com/
stella_rogers,https://www.amazon.com/
benjamin_gonzalez,https://www.youtube.com/
lucy_richardson,https://www.whitehouse.gov/
leo_james,https://www.un.org/
maya_alvarez,https://spring.io/
evelyn_moore,https://stripe.com/
lucy_richardson,https://www.medium.com/
violet_cooper,https://www.apple.com/
caroline_mendoza,https://www.wikipedia.org/
mateo_morales,https://www.dell.com/
isaiah_gray,https://www.cnn.com/
layla_baker,https://www.anthropic.com/
paisley_brooks,https://www.intel.com/
victoria_young,https://www.honda.com/
riley_king,https://www.amazon.com/
mateo_morales,https://www.wikipedia.org/
riley_king,https://www.openai.com/
ella_white,https://www.dell.com/
owen_hill,https://www.spotify.com/
aria_rivera,https://www.wix.com/
adrian_long,https://nodejs.org/
aiden_lewis,https://www.walmart.com/
henry_taylor,https://www.intel.com/
everly_wood,https://www.samsung.com/
lily_scott,https://www.google.com/
addison_phillips,https://bitbucket.org/
lucy_richardson,https://www.facebook.com/
abigail_martin,https://www.toyota.com/
daniel_lee,https://www.youtube.com/
grayson_evans,https://www.shopify.com/
addison_phillips,https://www.amazon.com/
jose_wright,https://www.figma.com/
chloe_robinson,https://stripe.com/
scarlett_sanchez,https://www.wikipedia.org/
leo_james,https://www.github.com/
riley_king,https://www.oracle.com/
samuel_walker,https://www.lyft.com/
madelyn_sanders,https://www.github.com/
leo_james,https://www.netflix.com/
henry_taylor,https://www.cnn.com/
nathan_watson,https://www.lyft.com/
aria_rivera,https://www.google.com/
gabriel_collins,https://www.anthropic.com/
ezra_patel,https://www.google.com/
isaiah_gray,https://www.linkedin.com/
amelia_wilson,https://www.adobe.com/
skylar_cox,https://www.google.com/
owen_hill,https://www.wix.com/
wyatt_green,https://www.instagram.com/
aurora_bailey,https://www.airbnb.com/
natalie_turner,https://www.java.com/
william_rodriguez,https://www.digitalocean.com/
ryan_kim,https://cloud.google.com/
everly_wood,https://www.github.com/
connor_bell,https://www.youtube.com/
hannah_adams,https://www.dell.com/
alexander_jackson,https://www.cisco.com/
ryan_kim,https://www.wikipedia.org/
owen_hill,https://www.facebook.com/
isaiah_gray,https://aws.amazon.com/
mateo_morales,https://www.toyota.com/
gabriel_collins,https://zoom.us/
kennedy_hughes,https://www.shopify.com/
carter_torres,https://www.khanacademy.org/
jose_wright,https://www.samsung.com/
gabriel_collins,https://www.sony.com/
caleb_howard,https://www.ebay.com/
james_hernandez,https://www.youtube.com/
hazel_ortiz,https://www.amazon.com/
asher_ward,https://www.imf.org/
victoria_young,https://nodejs.org/
ava_garcia,https://git-scm.com/
amelia_wilson,https://www.google.com/
addison_phillips,https://www.mozilla.org/
caleb_howard,https://www.apple.com/
stella_rogers,https://gitlab.com/
sophia_davis,https://www.apple.com/
caleb_howard,https://www.shopify.com/
aurora_bailey,https://www.lenovo.com/
scarlett_sanchez,https://www.github.com/
mia_lopez,https://www.amazon.com/
ryan_kim,https://www.booking.com/
jack_harris,https://www.cnn.com/
savannah_edwards,https://www.github.com/
abigail_martin,https://stripe.com/
caleb_howard,https://www.cisco.com/
isabella_martinez,https://www.paypal.com/
gabriel_collins,https://www.youtube.com/
paisley_brooks,https://signal.org/
layla_baker,https://www.wikipedia.org/
anthony_cook,https://www.wikipedia.org/
evelyn_moore,https://www.openai.com/
amelia_wilson,https://www.tripadvisor.com/
claire_ramos,https://www.quora.com/
leo_james,https://www.nih.gov/
kennedy_hughes,https://www.microsoft.com/
lucas_anderson,https://www.amazon.com/
jack_harris,https://www.dropbox.com/
olivia_johnson,https://www.nvidia.com/
levi_diaz,https://www.ibm.com/
anna_bennett,https://www.instagram.com/
christopher_morgan,https://www.google.com/
violet_cooper,https://www.twitch.tv/
mia_lopez,https://www.google.com/
maya_alvarez,https://www.bestbuy.com/
henry_taylor,https://www.facebook.com/
hudson_castillo,https://www.quora.com/
adrian_long,https://www.wikipedia.org/
john_nelson,https://bitbucket.org/
dylan_gomez,https://azure.microsoft.com/
elijah_miller,https://www.python.org/
sophia_davis,https://www.shopify.com/
brooklyn_reyes,https://www.youtube.com/
lily_scott,https://www.dropbox.com/
isabella_martinez,https://www.youtube.com/
grace_ramirez,https://www.github.com/
zoey_nguyen,https://www.walmart.com/
ella_white,https://www.openai.com/
brooklyn_reyes,https://www.shopify.com/
addison_phillips,https://www.github.com/
ava_garcia,https://www.youtube.com/
james_hernandez,https://stripe.com/
serenity_ross,https://www.google.com/
alexander_jackson,https://www.who.int/
anthony_cook,https://www.medium.com/
samuel_walker,https://nodejs.org/
william_rodriguez,https://stripe.com/
henry_taylor,https://www.twitter.com/
oliver_jones,https://www.cisco.com/
john_nelson,https://www.nih.gov/
leah_morris,https://www.ford.com/
everly_wood,https://www.spotify.com/
theodore_reed,https://www.honda.com/
natalie_turner,https://www.wix.com/
ruby_foster,https://www.salesforce.com/
serenity_ross,https://www.anthropic.com/
abigail_martin,https://stripe.com/
lucas_anderson,https://www.docker.com/
anthony_cook,https://www.linkedin.com/
joshua_gutierrez,https://www.stackoverflow.com/
chloe_robinson,https://www.youtube.com/
jayden_carter,https://www.amazon.com/
skylar_cox,https://www.figma.com/
ezra_patel,https://slack.com/
adrian_long,https://www.amazon.com/
lucas_anderson,https://react.dev/
levi_diaz,https://www.google.com/
layla_baker,https://www.hp.com/
emily_perez,https://www.nasa.gov/
scarlett_sanchez,https://azure.microsoft.com/
stella_rogers,https://www.dropbox.com/
jose_wright,https://www.youtube.com/
anna_bennett,https://www.docker.com/
levi_diaz,https://www.uber.com/
willow_myers,https://www.cnn.com/
riley_king,https://www.amazon.com/
serenity_ross,https://www.quora.com/
lily_scott,https://www.quora.com/
ryan_kim,https://www.amazon.com/
zoey_nguyen,https://signal.org/
layla_baker,https://www.mozilla.org/
henry_taylor,https://www.adobe.com/
ellie_mitchell,https://www.cisco.com/
grace_ramirez,https://www.lenovo.com/
ezra_patel,https://www.stackoverflow.com/
jayden_carter,https://aws.amazon.com/
jackson_hall,https://www.twitter.com/
serenity_ross,https://www.google.com/
john_nelson,https://slack.com/
ryan_kim,https://www.khanacademy.org/
matthew_thompson,https://www.weforum.org/
joshua_gutierrez,https://www.airbnb.com/
isaac_cruz,https://www.github.com/
david_allen,https://www.java.com/
skylar_cox,https://www.wikipedia.org/
carter_torres,https://www.twitch.tv/
madelyn_sanders,https://gitlab.com/
charles_ruiz,https://www.nvidia.com/
ava_garcia,https://www.imf.org/
mateo_morales,https://signal.org/
samuel_walker,https://www.lenovo.com/
andrew_peterson,https://www.docker.com/
skylar_cox,https://www.docker.com/
leo_james,https://www.medium.com/
nora_flores,https://www.who.int/
riley_king,https://bitbucket.org/
sebastian_clark,https://www.un.org/
anna_bennett,https://www.medium.com/
luna_parker,https://www.canva.com/
brooklyn_reyes,https://www.booking.com/
layla_baker,https://www.ford.com/
dylan_gomez,https://www.instagram.com/
kennedy_hughes,https://react.dev/
josiah_price,https://www.khanacademy.org/
emma_brown,https://www.google.com/
charles_ruiz,https://www.target.com/
addison_phillips,https://www.bbc.com/
grayson_evans,https://www.khanacademy.org/
willow_myers,https://www.docker.com/
victoria_young,https://zoom.us/
leah_morris,https://www.samsung.com/
harper_thomas,https://www.pinterest.com/
samuel_walker,https://www.linkedin.com/
leo_james,https://www.youtube.com/
caleb_howard,https://www.amazon.com/
maya_alvarez,https://azure.microsoft.com/
andrew_peterson,https://www.bbc.com/
victoria_young,https://www.lyft.com/
abigail_martin,https://www.wikipedia.org/
andrew_peterson,https://www.cisco.com/
elijah_miller,https://www.amazon.com/
grayson_evans,https://www.bestbuy.com/
wyatt_green,https://gitlab.com/
aiden_lewis,https://www.github.com/
hudson_castillo,https://www.stackoverflow.com/
wyatt_green,https://www.medium.com/
jose_wright,https://zoom.us/
ryan_kim,https://www.linkedin.com/
aiden_lewis,https://www.python.org/
liam_smith,https://www.bbc.com/
riley_king,https://www.instagram.com/
lucy_richardson,https://nodejs.org/
julian_stewart,https://www.ebay.com/
aubrey_roberts,https://www.amazon.com/
nathan_watson,https://www.un.org/
maya_alvarez,https://www.amazon.com/
aubrey_roberts,https://git-scm.com/
jose_wright,https://www.amazon.com/
grace_ramirez,https://www.un.org/
emily_perez,https://www.youtube.com/
emma_brown,https://slack.com/
bella_kelly,https://www.worldbank.org/
claire_ramos,https://www.google.com/
nathan_watson,https://www.worldbank.org/
benjamin_gonzalez,https://www.facebook.com/
david_allen,https://www.amazon.com/
everly_wood,https://nodejs.org/
joshua_gutierrez,https://www.github.com/
savannah_edwards,https://www.lg.com/
isaac_cruz,https://www.lyft.com/
violet_cooper,https://www.shopify.com/
violet_cooper,https://www.google.com/
zoe_murphy,https://www.amazon.com/
harper_thomas,https://www.medium.com/
james_hernandez,https://www.java.com/
owen_hill,https://www.honda.com/
caleb_howard,https://www.netflix.com/
christopher_morgan,https://www.amazon.com/
gabriel_collins,https://www.worldbank.org/
daniel_lee,https://www.linkedin.com/
luke_campbell,https://www.wikipedia.org/
skylar_cox,https://www.google.com/
ella_white,https://www.quora.com/
andrew_peterson,https://signal.org/
daniel_lee,https://www.weforum.org/
natalie_turner,https://www.cnn.com/
adrian_long,https://signal.org/
charles_ruiz,https://stripe.com/
liam_smith,https://www.ibm.com/
brooklyn_reyes,https://www.nytimes.com/
anthony_cook,https://www.wikipedia.org/
madelyn_sanders,https://www.google.com/
ezra_patel,https://slack.com/
bella_kelly,https://git-scm.com/
emma_brown,https://www.imf.org/
aiden_lewis,https://www.figma.com/
lucas_anderson,https://www.google.com/
isaac_cruz,https://www.state.gov/
caleb_howard,https://www.nytimes.com/
samuel_walker,https://www.salesforce.com/
mateo_morales,https://www.heroku.com/
grace_ramirez,https://www.amazon.com/
isaac_cruz,https://www.twitch.tv/
zoey_nguyen,https://www.apple.com/
anthony_cook,https://www.twitter.com/
caroline_mendoza,https://www.youtube.com/
jackson_hall,https://gitlab.com/
daniel_lee,https://www.google.com/
natalie_turner,https://www.worldbank.org/
theodore_reed,https://www.digitalocean.com/
josiah_price,https://telegram.org/
lucy_richardson,https://www.salesforce.com/
aubrey_roberts,https://www.canva.com/
joshua_gutierrez,https://www.whitehouse.gov/
andrew_peterson,https://www.cnn.com/
jayden_carter,https://www.java.com/
grayson_evans,https://slack.com/
hazel_ortiz,https://www.spotify.com/
olivia_johnson,https://www.amazon.com/
kennedy_hughes,https://www.etsy.com/
caroline_mendoza,https://www.youtube.com/
henry_taylor,https://www.mozilla.org/
ellie_mitchell,https://www.twitch.tv/
owen_hill,https://www.docker.com/
matthew_thompson,https://slack.com/
layla_baker,https://kubernetes.io/
henry_taylor,https://signal.org/
william_rodriguez,https://www.toyota.com/
hannah_adams,https://www.medium.com/
aria_rivera,https://www.lenovo.com/
natalie_turner,https://www.shopify.com/
connor_bell,https://www.dropbox.com/
adrian_long,https://www.booking.com/
serenity_ross,https://www.wikipedia.org/
harper_thomas,https://www.linkedin.com/
isaiah_gray,https://bitbucket.org/
willow_myers,https://www.wix.com/
isaac_cruz,https://www.nytimes.com/
christopher_morgan,https://www.stackoverflow.com/
gabriel_collins,https://www.wikipedia.org/
owen_hill,https://cloud.google.com/
christopher_morgan,https://www.digitalocean.com/
lily_scott,https://www.google.com/
harper_thomas,https://www.airbnb.com/
stella_rogers,https://www.linkedin.com/
olivia_johnson,https://www.lenovo.com/
christopher_morgan,https://www.mozilla.org/
leo_james,https://www.digitalocean.com/
anthony_cook,https://www.google.com/
asher_ward,https://www.booking.com/
victoria_young,https://www.airbnb.com/
nora_flores,https://www.pinterest.com/
mateo_morales,https://www.bestbuy.com/
dylan_gomez,https://www.mozilla.org/firefox/
adrian_long,https://www.github.com/
skylar_cox,https://www.youtube.com/
maya_alvarez,https://www.google.com/
abigail_martin,https://www.apple.com/
joshua_gutierrez,https://www.lyft.com/
daniel_lee,https://www.twitch.tv/
lucas_anderson,https://spring.io/
addison_phillips,https://www.dropbox.com/
matthew_thompson,https://discord.com/
layla_baker,https://www.google.com/
adrian_long,https://www.uber.com/
luke_campbell,https://www.youtube.com/
jackson_hall,https://www.dropbox.com/
kennedy_hughes,https://www.cnn.com/
aiden_lewis,https://www.who.int/
jayden_carter,https://www.cnn.com/
william_rodriguez,https://www.linkedin.com/
abigail_martin,https://www.salesforce.com/
julian_stewart,https://www.java.com/
wyatt_green,https://www.facebook.com/
grace_ramirez,https://www.anthropic.com/
liam_smith,https://www.stackoverflow.com/
gabriel_collins,https://www.amazon.com/
thomas_chavez,https://www.dropbox.com/
theodore_reed,https://www.netflix.com/
bella_kelly,https://www.toyota.com/
aiden_lewis,https://www.tripadvisor.com/
james_hernandez,https://www.lenovo.com/
isabella_martinez,https://azure.microsoft.com/
julian_stewart,https://www.uber.com/
olivia_johnson,https://www.facebook.com/
madelyn_sanders,https://www.lg.com/
christopher_morgan,https://www.wikipedia.org/
andrew_peterson,https://www.youtube.com/
connor_bell,https://www.youtube.com/
zoe_murphy,https://www.amazon.com/
hudson_castillo,https://www.bestbuy.com/
hazel_ortiz,https://www.linkedin.com/
julian_stewart,https://www.tesla.com/
daniel_lee,https://www.amazon.com/
adrian_long,https://www.wix.com/
skylar_cox,https://www.github.com/
victoria_young,https://www.imf.org/
william_rodriguez,https://www.amazon.com/
jackson_hall,https://zoom.us/
liam_smith,https://www.wikipedia.org/
natalie_turner,https://www.whitehouse.gov/
asher_ward,https://www.hp.com/
emma_brown,https://www.canva.com/
anthony_cook,https://www.uber.com/
grace_ramirez,https://stripe.com/
luna_parker,https://www.samsung.com/
christopher_morgan,https://www.samsung.com/
leah_morris,https://www.reddit.com/
elijah_miller,https://www.toyota.com/
nora_flores,https://www.github.com/
jayden_carter,https://www.anthropic.com/
chloe_robinson,https://www.youtube.com/
luna_parker,https://gitlab.com/
jose_wright,https://www.pinterest.com/
violet_cooper,https://www.python.org/
ava_garcia,https://www.netflix.com/
